{


"sampleset":"100",

"maxtime":"1500",

"precision":"0.00000001",

"maxiterations":"500",



"deviation_timesteps_min":"5",

"deviation_timesteps_max":"15",

"deviation_min":"9",
"deviation_max":"12",



"MC_MST":[0.9,0.88,0.92,0.9,0.85,0.83,0.87,0.85],

"MR_MST":[0.91,0.93,0.89,0.91,0.93,0.95,0.91,0.93],

"MP_MST":[0.9,0.85,0.92,0.87,0.88,0.83,0.9,0.85],



"MC_RT":[0.86,0.84,0.88,0.86,0.73,0.71,0.75,0.73],

"MR_RT":[0.95,0.97,0.93,0.95,0.97,0.99,0.95,0.97],

"MP_RT":[0.82,0.75,0.84,0.77,0.8,0.73,0.82,0.75],



"rewards_mec_mst":[39.13,41.0,39.0,17.0,44.0,29.0,14.0,2.0],

"rewards_mr_mst":[39.0,40.0,38.0,16.0,43.0,28.0,13.0,1.0],

"rewards_mp_mst":[40.0,39.0,38.5,15.0,43.5,27.0,13.5,1.0],



"rewards_mec_rt":[41.0,32.0,28.0,26.0,28.0,16.0,23.0,11.0],

"rewards_mr_rt":[43.0,33.0,29.0,27.0,29.0,17.0,24.0,12.0],

"rewards_mp_rt":[41.0,31.0,27.0,25.0,27.0,15.0,22.0,10.0],



"min_rewards":[11.0,12.0,10.0]



}